epoch,learning_rate,total_loss,val_total_loss
0,0.0001250000059371814,17.61408805847168,26.85851287841797
