epoch,learning_rate,total_loss,val_total_loss
0,0.0001250000059371814,21.967391967773438,13.209959983825684
1,0.0002500000118743628,13.273237228393555,13.008984565734863
2,0.0006249999860301614,12.925663948059082,12.932204246520996
3,0.0012499999720603228,12.769281387329102,12.886918067932129
4,0.0012499616714194417,12.680794715881348,12.699840545654297
5,0.001249846420250833,12.626791000366211,12.621234893798828
6,0.0012496544513851404,12.590991973876953,12.534296989440918
7,0.001249385648407042,12.566543579101562,12.503265380859375
