epoch,learning_rate,total_loss,val_total_loss
0,0.0001250000059371814,19.123859405517578,30.263229370117188
1,0.0002500000118743628,13.124333381652832,21.537446975708008
2,0.0006249999860301614,13.09002685546875,17.395448684692383
3,0.0012499999720603228,13.037454605102539,15.38138198852539
4,0.0012499616714194417,12.973024368286133,14.264044761657715
5,0.001249846420250833,12.911140441894531,13.566962242126465
6,0.0012496544513851404,12.833251953125,13.147561073303223
7,0.001249385648407042,12.769651412963867,12.996769905090332
8,0.0012490403605625033,12.725187301635742,12.93470287322998
