epoch,learning_rate,total_loss,val_total_loss
0,0.0001250000059371814,21.858592987060547,13.216236114501953
1,0.0002500000118743628,13.328251838684082,12.983600616455078
2,0.0006249999860301614,12.950055122375488,12.887454986572266
