epoch,learning_rate,total_loss,val_total_loss
0,0.0010000000474974513,14.590896606445312,14.32552719116211
1,0.0020000000949949026,13.156641006469727,12.911406517028809
