epoch,learning_rate,total_loss,val_total_loss
0,1.249999968422344e-05,31.90289306640625,39.71672439575195
1,2.499999936844688e-05,15.2861328125,29.00720977783203
